<workflow-app name="bcus-mainframe-hdfs" xmlns="uri:oozie:workflow:0.4">
    <global>
        <job-tracker>${jobTracker}</job-tracker>
        <name-node>${nameNode}</name-node>
        <configuration>
            <property>
                <name>mapred.job.queue.name</name>
                <value>${queueName}</value>
            </property>
            <property>
                <name>oozie.action.sharelib.for.hive</name>
                <value>hive2</value>
            </property>
            <property>
                <name>oozie.launcher.action.main.class</name>
                <value>org.apache.oozie.action.hadoop.Hive2Main</value>
            </property>
        </configuration>
    </global>

    <credentials>
        <credential name="hive2Creds" type="hive2">
            <property>
                <name>hive2.jdbc.url</name>
                <value>jdbc:hive2://host.barclays.com:10000/default</value>
            </property>
            <property>
                <name>hive2.server.principal</name>
                <value>hive/_HOST@CORP.BARCLAYS.COM</value>
            </property>
        </credential>
    </credentials>
    <start to="ebcidic_to_ascii"/>
    
    <action name="ebcidic_to_ascii" cred="hive2Creds">
        <hive xmlns="uri:oozie:hive-action:0.2">
            <script>${hiveWFDir}/${ebcidic_to_ascii_hive_script}</script>
            <param>tblName=${tableName}</param>
            <param>mainFrameJar=${pathToMainframeJar}</param>
            <param>destDir=${destination_dir}</param>
            <param>cblPath=${copyBookPath}</param>
        </hive>
        <ok to="convert_to_ascii"/>
        <error to="killEmail"/>
    </action>
    <action name="insert_to_ascii" cred="hive2Creds">
        <hive xmlns="uri:oozie:hive-action:0.2">
            <script>${hiveWfDir}/${ascii_hive_insert}</script>
            <param>mainFrameJar=${pathToMainframeJar}</param>
            <param>insertFrom=${insertFromTbl}</param>
            <param>insertTo=${insertToTbl}</param>
        </hive>
        <ok to="end"/>
        <error to="killEmail"/>
    </action>
    <action name="killEmail">
        <email xmlns="uri:oozie:email-action:0.1">
            <to>${emailRecipients}</to>
            <subject>Oozie Workflow Error On Ebcidic To Ascii Conversion</subject>
            <body>Oozie Workflow Id: ${wf:id()}, run failed. Error Message: [${wf:errorMessage(wf:lastErrorNode()}]</body>
        </email>
    </action>
    <kill name="kill">
        <message>Action Failed, error message [${wf:errorMessage(wf:lastErrorNode())}]</message>
    </kill>
    <end name="end"/>
</workflow-app>